"model","df","AIC"
"Mixed model",15,4157.31093980187
"No random slope",13,7850.4460325971
"No random intercept",13,14256.3835931223
"No random effects",12,20290.427631005
