"random_effect","(Intercept)","visitc"
"(Intercept)",0.360590129752528,-0.000389543755951544
"visitc",-0.000389543755951544,4.16859944482078e-05
