"TG","residual_variance"
"nedocromil",0.0545588569321929
"budesonide",0.0520371265553159
"placebo",0.0564862492515025
